Camera,AVG_LYRU_RAI
A03,0.00168706
A13,0.002263792
B02,0.01827683
B04,
B06,
B08,
B10,
B12,
B14,
C03,
C05,
C07,
C09,
C11,
C15,
C17,
D04,
D06,
D08,
D10,
D12,
D14,
D16,
E05,
E07,
E09,
E11,
E13,
E15,
E17,
F04,
F06,
F08,
F10,
G09,
G11,
